freq_rf_MHz,modulo_S11_dB,fase_S11_deg
100.000000,1.0061,-7.6288
101.000000,3.2813,0.7402
102.000000,4.4040,-5.4991
103.000000,1.3731,-16.9156
104.000000,1.4753,1.1362
105.000000,5.1838,24.8485
106.000000,0.4494,-13.8354
107.000000,3.4466,-8.1456
108.000000,1.7174,-12.8367
109.000000,4.6067,-22.9466
110.000000,1.7652,-18.0111
111.000000,2.0170,-7.7721
112.000000,2.0630,7.5628
113.000000,3.7371,-21.6520
114.000000,5.3180,-19.8106
115.000000,1.2737,-21.1976
116.000000,2.4316,6.2901
117.000000,2.6771,-2.1869
118.000000,-3.0639,-15.1733
119.000000,1.0152,-0.0021
120.000000,1.1935,3.4806
121.000000,1.8581,-14.5657
122.000000,3.2223,-30.3141
123.000000,0.6648,-1.0094
124.000000,-0.2982,7.5065
125.000000,3.5584,-6.4324
126.000000,-0.3911,-17.2643
127.000000,0.6277,-0.6886
128.000000,2.4359,9.3134
129.000000,5.6624,-7.1885
130.000000,-13.0981,-34.5238
131.000000,-13.1255,-35.1649
132.000000,2.6688,-16.6452
133.000000,-13.0985,-36.4878
134.000000,-13.0408,-36.6274
135.000000,-13.1435,-37.8294
136.000000,-13.0094,-37.9351
137.000000,-12.9139,-38.2928
138.000000,-12.9351,-38.9278
139.000000,-12.9663,-39.5687
140.000000,2.1746,4.3291
141.000000,-12.9209,-40.3870
142.000000,-12.8942,-40.8138
143.000000,-12.9220,-41.4579
144.000000,-12.8734,-42.1762
145.000000,-12.8379,-42.4615
146.000000,-12.8339,-42.9783
147.000000,-12.8561,-43.5198
148.000000,-12.8166,-43.7635
149.000000,-12.8147,-44.6323
150.000000,-12.7668,-45.2108
151.000000,-12.5890,-45.5982
152.000000,-12.7181,-46.3815
153.000000,-12.7457,-46.7402
154.000000,-17.3477,-94.6929
155.000000,-12.7088,-47.6881
156.000000,-12.6735,-48.2251
157.000000,-10.8685,-14.6121
158.000000,-12.6523,-49.4625
159.000000,-12.6472,-49.9726
160.000000,-14.0383,-42.4469
161.000000,-12.6027,-50.7725
162.000000,-12.5922,-51.2656
163.000000,-12.4073,-50.2125
164.000000,-12.5634,-52.4624
165.000000,-12.5873,-52.9786
166.000000,-12.6185,-53.7163
167.000000,-12.5754,-53.8362
168.000000,-12.5361,-54.3656
169.000000,-12.5143,-54.9816
170.000000,-12.4196,-54.4362
171.000000,-12.5142,-55.9517
172.000000,-12.4678,-56.5444
173.000000,-12.3919,-56.8268
174.000000,-12.4717,-57.3250
175.000000,-12.4500,-58.0406
176.000000,-12.4024,-58.6993
177.000000,1.8943,-28.1378
178.000000,-12.4163,-59.7279
179.000000,-12.4755,-60.5408
180.000000,4.0969,-20.6615
181.000000,-12.3966,-61.1075
182.000000,-12.4531,-61.8699
183.000000,3.0162,29.3812
184.000000,-12.3644,-62.6771
185.000000,-12.3690,-63.2229
186.000000,5.0048,-2.1144
187.000000,-12.4443,-65.1093
188.000000,-12.3049,-64.5961
189.000000,0.6079,10.5764
190.000000,-12.2532,-65.5702
191.000000,-12.3069,-66.1939
192.000000,-12.2258,-66.5980
193.000000,2.9338,-12.8297
194.000000,-12.4649,-67.9876
195.000000,-12.2433,-67.9385
196.000000,-12.3743,-66.9389
197.000000,-13.1624,-71.5275
198.000000,-12.2229,-69.4879
199.000000,-12.2492,-70.0855
200.000000,-3.3805,-96.8921
201.000000,-12.2523,-71.3106
202.000000,-12.1619,-71.6913
203.000000,-12.1829,-72.1342
204.000000,2.7605,-33.4125
205.000000,-12.2325,-73.4325
206.000000,-12.1540,-73.5137
207.000000,-12.1644,-74.2725
208.000000,1.7900,-2.2472
209.000000,-12.1819,-75.3633
210.000000,-12.1178,-75.6214
211.000000,-12.0751,-76.0515
212.000000,0.7248,-21.5210
213.000000,-11.9845,-76.5609
214.000000,-12.0750,-77.7529
215.000000,-12.0731,-78.1758
216.000000,-12.2907,-78.3632
217.000000,4.7693,-5.0640
218.000000,-12.0661,-79.5954
219.000000,-11.9954,-80.0793
220.000000,-12.0061,-80.5890
221.000000,-11.5118,-85.5500
222.000000,-11.8739,-81.2896
223.000000,-11.9748,-82.1876
224.000000,-11.9468,-82.4409
225.000000,-12.0498,-82.9886
226.000000,-1.5952,10.8830
227.000000,-12.0647,-84.7242
228.000000,-11.9894,-84.6176
229.000000,-11.9106,-85.5003
230.000000,-11.7135,-84.6936
231.000000,-11.9578,-86.2414
232.000000,-11.9698,-87.6763
233.000000,-11.2214,-85.6372
234.000000,-11.8909,-87.4914
235.000000,-11.2475,-87.5343
236.000000,-12.0490,-89.1836
237.000000,-11.8354,-89.1557
238.000000,-11.8089,-89.6699
239.000000,-11.7845,-89.8424
240.000000,-11.7890,-90.7700
241.000000,-11.7552,-91.0987
242.000000,-11.7232,-91.3511
243.000000,-11.6764,-92.1624
244.000000,-11.7819,-92.1689
245.000000,-11.9161,-91.6908
246.000000,-11.6753,-92.9495
247.000000,-11.7630,-93.9317
248.000000,-11.8195,-94.6573
249.000000,-11.6648,-95.2686
250.000000,-11.8011,-95.7569
251.000000,-11.7350,-96.3101
252.000000,-11.7585,-95.6434
253.000000,9.4602,-2.4552
254.000000,-11.6935,-97.4467
255.000000,-11.7005,-98.2994
256.000000,-11.8925,-100.3912
257.000000,-11.4852,-98.5147
258.000000,-11.6225,-99.3513
259.000000,-11.6209,-99.7212
260.000000,-11.0933,-98.7115
261.000000,-11.3819,-100.3615
262.000000,-11.5949,-101.4978
263.000000,-11.5346,-101.7933
264.000000,-11.1859,-98.1575
265.000000,-11.6420,-102.3945
266.000000,-11.5680,-103.2972
267.000000,-11.6121,-103.8808
268.000000,-11.6481,-103.0211
269.000000,-11.6746,-105.5858
270.000000,-11.5116,-105.3647
271.000000,-11.5208,-105.7460
272.000000,-11.2537,-106.2024
273.000000,-11.6005,-105.2994
274.000000,-11.5337,-107.2803
275.000000,3.8364,10.8570
276.000000,-11.4538,-108.3779
277.000000,-11.5108,-108.8985
278.000000,-11.5306,-109.4997
279.000000,-11.6593,-109.9452
280.000000,4.3345,14.7467
281.000000,-11.5975,-111.3037
282.000000,-11.5188,-111.1535
283.000000,-11.4522,-111.8994
284.000000,-11.4223,-112.6084
285.000000,2.8002,-26.1518
286.000000,-11.5130,-113.6006
287.000000,-11.5744,-114.2929
288.000000,-11.4471,-114.5313
289.000000,-11.4051,-114.6885
290.000000,-11.4376,-114.7078
291.000000,6.5409,-28.1911
292.000000,-11.5885,-116.9236
293.000000,-11.4707,-117.0298
294.000000,-11.3964,-117.4560
295.000000,-11.3559,-117.8698
296.000000,-11.3599,-117.1049
297.000000,-11.9210,-120.2961
298.000000,-11.3858,-119.4550
299.000000,-11.3230,-119.5388
300.000000,-11.3594,-120.1960
301.000000,-11.3782,-120.8996
302.000000,-11.5572,-123.3523
303.000000,-11.3935,-122.0148
304.000000,-11.4219,-122.8228
305.000000,-11.2351,-122.5910
306.000000,-11.2081,-122.8362
307.000000,-11.2313,-123.8358
308.000000,-11.1013,-135.3169
309.000000,-11.1897,-124.4597
310.000000,-11.2379,-124.6951
311.000000,-11.1912,-125.7057
312.000000,-11.1661,-125.9720
313.000000,-11.1478,-126.1841
314.000000,-11.0961,-127.3191
315.000000,-11.2613,-127.7251
316.000000,-11.1955,-127.8520
317.000000,-11.1362,-128.4766
318.000000,-11.1827,-128.9784
319.000000,-11.2002,-129.6462
320.000000,-12.3217,-126.9540
321.000000,-11.2308,-130.6889
322.000000,-11.1796,-130.8378
323.000000,-11.0871,-131.0837
324.000000,-11.1272,-131.8464
325.000000,-11.1306,-132.1659
326.000000,-11.3246,-133.9399
327.000000,2.8522,13.6532
328.000000,-11.0861,-133.6687
329.000000,-11.0520,-134.2603
330.000000,-11.0841,-134.6582
331.000000,-11.0385,-135.2038
332.000000,-10.6433,-134.9209
333.000000,-10.7946,-136.0434
334.000000,-11.0423,-136.1491
335.000000,-11.0003,-136.8985
336.000000,-10.9971,-137.4189
337.000000,-11.0065,-138.4370
338.000000,-10.9239,-138.2368
339.000000,-10.0433,-137.9819
340.000000,-10.3258,-136.5244
341.000000,-11.0033,-140.1259
342.000000,-10.8959,-140.4678
343.000000,-10.9056,-140.9767
344.000000,-10.8581,-141.6013
345.000000,-10.7978,-141.9580
346.000000,-10.7932,-142.5416
347.000000,2.1115,-195.9044
348.000000,-10.8880,-143.6428
349.000000,-10.8691,-143.8623
350.000000,-10.7908,-144.5801
351.000000,-10.7464,-144.9496
352.000000,-10.4702,-144.1273
353.000000,3.6634,-10.7992
354.000000,3.8540,4.2279
355.000000,-10.7931,-147.2512
356.000000,-10.7629,-147.2797
357.000000,-10.7359,-148.0979
358.000000,-10.8339,-148.5862
359.000000,0.3871,-8.8327
360.000000,1.4252,-36.6038
361.000000,-10.9166,-150.5085
362.000000,-10.6428,-150.0692
363.000000,-10.6876,-150.6265
364.000000,-10.5520,-150.6590
365.000000,4.3661,-10.6233
366.000000,-2.1907,-23.9971
367.000000,-10.5371,-152.1909
368.000000,-10.6858,-153.0805
369.000000,-10.6341,-153.5605
370.000000,-10.6936,-154.2780
371.000000,-10.5657,-155.1302
372.000000,1.0180,-9.8980
373.000000,-8.9701,-111.5445
374.000000,-10.5294,-156.1935
375.000000,-10.6268,-156.3145
376.000000,-10.6467,-156.7761
377.000000,-10.7094,-157.4881
378.000000,3.2585,21.8703
379.000000,1.7467,-20.8663
380.000000,-10.5194,-158.4954
381.000000,-10.5130,-159.1316
382.000000,-10.6745,-159.5730
383.000000,-10.6773,-160.1206
384.000000,-10.5686,-160.3857
385.000000,2.4366,-336.4682
386.000000,-5.2810,-339.2340
387.000000,-10.2793,-161.6047
388.000000,-10.5440,-161.8973
389.000000,-10.6039,-163.2057
390.000000,-10.6163,-163.6055
391.000000,-10.6166,-163.8609
392.000000,-10.4162,-164.6584
393.000000,2.4664,13.0216
394.000000,-10.6646,-165.7881
395.000000,-10.4730,-165.6213
396.000000,-10.5085,-166.1894
397.000000,-10.5427,-166.7326
398.000000,-10.5437,-167.4419
399.000000,-10.5473,-167.4757
400.000000,-11.8804,-199.3863
401.000000,-5.2654,-344.1737
402.000000,-10.5927,-169.1248
403.000000,-10.5760,-169.1543
404.000000,-10.5548,-170.2333
405.000000,-10.5072,-170.5308
406.000000,-10.5431,-170.9784
407.000000,-10.4113,-171.0215
408.000000,3.8329,-9.8596
409.000000,2.4703,29.1756
410.000000,-10.5344,187.3766
411.000000,-10.6056,186.8791
412.000000,-10.4291,186.0875
413.000000,-10.4231,185.6078
414.000000,-10.4209,185.0103
415.000000,-10.3654,184.8690
416.000000,5.3935,359.9144
417.000000,-0.0282,374.2407
418.000000,-10.4272,543.3961
419.000000,-10.4286,542.6494
420.000000,-10.3427,542.1559
421.000000,-10.3028,541.8510
422.000000,-10.2999,541.5832
423.000000,-10.2639,541.0840
424.000000,3.5582,715.2280
425.000000,2.0634,692.5163
426.000000,-10.2722,539.7165
427.000000,-10.2585,539.0095
428.000000,-10.2554,538.5788
429.000000,-10.2320,538.1354
430.000000,-10.2756,537.7870
431.000000,-10.2093,537.2666
432.000000,-10.2469,537.0834
433.000000,1.9174,669.8235
434.000000,2.1319,685.0107
435.000000,-10.2154,535.1991
436.000000,-10.1994,534.9063
437.000000,-10.1493,534.4851
438.000000,-10.1344,533.9903
439.000000,-10.1324,533.3733
440.000000,-10.1336,533.1134
441.000000,-10.1107,532.5750
442.000000,-15.5879,556.7912
443.000000,3.5762,720.7973
444.000000,-10.1275,891.5189
445.000000,-10.0981,890.7830
446.000000,-10.0384,890.3119
447.000000,-10.0445,889.9587
448.000000,-10.0542,889.6255
449.000000,-10.0452,889.3757
450.000000,-9.9494,888.7597
451.000000,-9.9045,888.2788
452.000000,5.1885,877.1665
453.000000,-9.9823,887.4089
454.000000,-10.0901,887.0553
455.000000,-10.0801,886.4310
456.000000,-10.0309,885.9314
457.000000,-9.9070,885.5930
458.000000,-10.1064,885.1483
459.000000,-10.0054,884.6996
460.000000,-10.1097,884.0275
461.000000,-10.0331,883.8336
462.000000,-9.9753,883.2520
463.000000,-9.9051,882.8283
464.000000,-9.9243,882.3637
465.000000,-10.0375,881.7219
466.000000,-9.8151,880.4283
467.000000,-9.9400,880.8351
468.000000,-9.9912,880.5105
469.000000,-9.9756,880.0858
470.000000,-9.6988,879.8330
471.000000,-9.8396,878.8713
472.000000,-9.9334,879.0953
473.000000,-9.8971,878.3736
474.000000,-9.9258,877.6528
475.000000,-9.8719,877.4559
476.000000,-9.8903,876.9028
477.000000,-9.8758,876.6786
478.000000,-9.8933,876.4372
479.000000,-10.1850,874.7751
480.000000,-9.8837,875.3179
481.000000,-9.9461,874.6518
482.000000,-9.9449,874.1526
483.000000,-10.3155,873.3555
484.000000,-9.9824,873.7809
485.000000,-10.0086,873.8263
486.000000,-9.7398,873.0489
487.000000,-9.9509,872.2243
488.000000,-9.9071,871.7459
489.000000,-9.8949,871.1789
490.000000,-10.1030,869.3208
491.000000,-9.9277,870.2101
492.000000,-9.7280,870.6084
493.000000,-9.9210,869.7324
494.000000,-9.9007,869.0163
495.000000,-9.8702,868.6284
496.000000,-9.7862,868.2658
497.000000,-9.6802,867.5121
498.000000,-9.7481,867.3829
499.000000,-9.5476,867.1253
500.000000,-9.9820,866.3619
501.000000,-9.8338,865.6034
502.000000,-9.8095,865.3353
503.000000,-9.7649,864.8621
504.000000,-10.1646,864.1969
505.000000,-9.7376,864.5262
506.000000,-10.1115,722.1923
507.000000,-9.9277,863.3135
508.000000,-9.7565,862.9057
509.000000,-9.7250,862.1417
510.000000,-9.6767,862.3579
511.000000,-9.6960,861.5177
512.000000,-10.1255,858.7337
513.000000,-9.8505,860.1831
514.000000,-9.8986,858.9221
515.000000,-9.7256,859.7334
516.000000,-9.6906,859.3599
517.000000,-9.6241,858.8646
518.000000,-9.6404,858.5166
519.000000,-9.6328,858.3342
520.000000,-10.2548,860.5910
521.000000,-10.0538,856.7943
522.000000,-9.3428,857.0000
523.000000,-9.5500,856.3047
524.000000,-9.5825,855.9690
525.000000,-9.5858,855.6292
526.000000,-9.5536,855.1308
527.000000,-9.4822,854.5330
528.000000,-5.4521,805.7892
529.000000,-9.3314,852.9317
530.000000,-9.5450,854.1336
531.000000,-9.5435,853.0601
532.000000,-9.6220,852.7522
533.000000,-9.6014,852.1604
534.000000,-9.6005,851.7713
535.000000,-9.6102,851.1179
536.000000,-9.2842,851.6964
537.000000,-9.8614,850.3932
538.000000,-9.7302,849.9425
539.000000,-9.5435,849.7982
540.000000,-9.6264,848.9672
541.000000,-9.5965,848.9839
542.000000,-9.6264,848.4126
543.000000,-9.6850,847.6349
544.000000,-9.8368,847.1117
545.000000,-9.5302,847.3683
546.000000,-9.7066,848.7128
547.000000,-9.5552,846.7114
548.000000,-9.5933,845.9574
549.000000,-9.5805,845.3228
551.000000,-10.2094,843.3032
552.000000,-9.8142,844.0566
553.000000,-9.6925,843.3824
554.000000,-9.5616,843.1998
555.000000,-9.5354,842.6330
556.000000,-9.4585,842.2395
557.000000,-9.5270,841.8584
558.000000,-9.3231,842.5407
559.000000,-11.9777,790.3652
560.000000,2.8548,700.3147
561.000000,-9.5109,839.8803
562.000000,-10.1935,839.0922
563.000000,-9.7517,839.2723
564.000000,-9.6458,838.4741
565.000000,-9.4888,838.6164
566.000000,-9.4492,838.1878
567.000000,-9.4117,837.8829
568.000000,-9.4161,837.4550
569.000000,-9.4990,837.4100
570.000000,-9.6355,845.2049
571.000000,1.7791,696.3963
572.000000,-10.3397,834.0779
573.000000,-10.2544,834.3002
574.000000,-9.7673,834.8430
575.000000,-9.5629,834.3130
576.000000,-9.4338,834.0192
577.000000,-9.4042,833.8832
578.000000,-9.4135,833.4394
579.000000,-9.3049,833.0900
580.000000,-9.3876,832.6351
581.000000,-13.9877,807.8837
582.000000,0.4372,804.5865
583.000000,-10.5096,829.1134
584.000000,-10.3354,829.8270
585.000000,-9.8526,829.7763
586.000000,-9.4670,830.2778
587.000000,-9.3737,829.7459
588.000000,-9.3476,829.3607
589.000000,-9.3955,829.2407
590.000000,-9.3521,828.8560
591.000000,-9.3272,828.5782
592.000000,-10.7605,827.0660
593.000000,-9.6679,826.1072
594.000000,-10.4348,823.2007
595.000000,-10.5424,825.1827
596.000000,-10.0101,825.5441
597.000000,-9.6520,825.5905
598.000000,-9.3620,825.7792
599.000000,-9.3316,825.2358
600.000000,-9.3473,824.9315
601.000000,-9.3464,824.7535
602.000000,-9.2929,824.0436
603.000000,-10.0563,823.0146
604.000000,-11.6527,825.0094
605.000000,-8.9171,824.2703
606.000000,-10.3937,821.5527
607.000000,-9.8802,821.5751
608.000000,-9.6457,821.0242
609.000000,-9.2170,821.2650
610.000000,-9.2669,820.8761
611.000000,-9.3145,820.3473
612.000000,-9.3647,819.9242
613.000000,-9.2948,819.4757
614.000000,-9.2822,819.0411
615.000000,-9.9684,817.8286
616.000000,-10.3788,801.4298
617.000000,-8.5835,822.4130
618.000000,-9.2932,817.5659
619.000000,-9.2562,817.4187
620.000000,-9.2885,816.6016
621.000000,-9.2761,815.9824
622.000000,-9.2985,815.7059
623.000000,-9.2970,815.5122
624.000000,-9.3215,814.8213
625.000000,-9.3360,814.3846
626.000000,-9.3050,814.0146
627.000000,-9.3895,812.4434
628.000000,-9.1269,815.6300
629.000000,-9.1344,816.4120
630.000000,-9.4768,813.4949
631.000000,-9.3665,812.6370
632.000000,-9.2923,812.2231
633.000000,-9.2594,811.7902
634.000000,-9.2853,811.2290
635.000000,-9.2721,810.6329
636.000000,-9.2599,810.6794
637.000000,-9.2936,810.1528
638.000000,-9.3752,809.3328
639.000000,-9.4604,810.4046
640.000000,-12.5997,796.7496
641.000000,-9.8183,809.2716
642.000000,-9.3740,808.7831
643.000000,-9.1929,808.3768
644.000000,-9.2621,807.5596
645.000000,-9.3005,806.9425
646.000000,-9.3140,806.6421
647.000000,-9.3096,806.1838
648.000000,-9.3433,805.8488
649.000000,-9.3469,805.6007
650.000000,-9.3311,805.0257
651.000000,-9.5199,805.6588
652.000000,-9.3902,805.7600
653.000000,-9.5848,804.8912
654.000000,-4.3769,814.7542
655.000000,-9.3705,803.6873
656.000000,-9.2921,802.6671
657.000000,-9.3191,802.2395
658.000000,-9.3206,801.6610
659.000000,-9.3496,801.3085
660.000000,-9.3564,801.0114
661.000000,-9.3707,800.8238
662.000000,-9.3979,800.6371
663.000000,-9.3897,800.2481
664.000000,-9.5161,800.3119
665.000000,-9.4328,799.9766
666.000000,-9.4414,800.0606
667.000000,-9.5105,798.7991
668.000000,-9.4787,797.9504
669.000000,-9.3875,797.4648
670.000000,-9.3857,797.0840
671.000000,-9.3695,796.5873
672.000000,-9.3722,796.3153
673.000000,-9.3670,795.9829
674.000000,-9.3729,795.9212
675.000000,-9.3821,795.5462
676.000000,-9.3944,795.2298
677.000000,-9.5015,795.3217
678.000000,-12.5042,775.8156
679.000000,-9.5582,794.3651
680.000000,-10.1875,791.3882
681.000000,-9.5167,792.7304
682.000000,-9.3758,792.1237
683.000000,-9.4014,791.9660
684.000000,-9.3849,791.6782
685.000000,-9.4011,791.4370
686.000000,-9.3509,791.0061
687.000000,-9.3739,790.6346
688.000000,-9.4194,790.3946
689.000000,-9.3343,790.1445
690.000000,-9.4563,790.0074
691.000000,-9.1798,788.7938
692.000000,-9.4081,789.7173
693.000000,-9.6793,787.1660
694.000000,-10.5359,789.6716
695.000000,-9.3544,787.0456
696.000000,-9.3518,786.8942
697.000000,-9.3562,786.5924
698.000000,-9.3327,786.3167
699.000000,-9.3307,785.9638
700.000000,-9.3403,785.5566
701.000000,-9.3017,785.4342
702.000000,-9.2982,785.1253
703.000000,-9.3433,784.7747
704.000000,-8.6985,784.2812
705.000000,-12.1471,772.1647
706.000000,0.8491,718.8242
707.000000,-2.2271,691.1019
708.000000,2.2000,701.9859
709.000000,-9.9810,780.7380
710.000000,-9.4866,782.1161
711.000000,-9.5712,781.3119
712.000000,-9.2922,780.4987
713.000000,-9.2171,780.1260
714.000000,-9.1659,779.6486
715.000000,-9.1735,779.3326
716.000000,-9.0687,778.9206
717.000000,-9.4349,777.4501
718.000000,1.0278,732.4509
719.000000,0.9072,721.3746
721.000000,-10.1415,776.7578
722.000000,-9.7427,775.4444
723.000000,-9.3551,775.5221
724.000000,-9.1410,775.2057
725.000000,-9.1202,775.0148
726.000000,-9.0559,774.5341
727.000000,-9.0709,774.1528
728.000000,-9.0575,773.0789
729.000000,-9.4537,770.8880
730.000000,-5.9417,857.0437
731.000000,1.3091,724.6645
732.000000,-0.5801,719.6772
733.000000,-10.1428,778.7889
734.000000,-9.7967,771.1743
735.000000,-9.7266,772.1334
736.000000,-9.0024,770.0221
737.000000,-9.0319,770.1584
738.000000,-9.0675,769.8347
739.000000,-8.9901,769.3453
740.000000,-9.0783,769.2140
741.000000,-9.0873,768.5128
742.000000,-9.5056,769.1318
743.000000,-5.2551,778.3396
744.000000,-1.7780,721.3835
745.000000,0.4026,713.1366
746.000000,-19.3462,774.6403
747.000000,-9.2753,763.2204
748.000000,-9.0528,763.2343
749.000000,-8.7915,764.7213
750.000000,-9.0300,765.3943
751.000000,-9.0719,765.2366
752.000000,-9.1171,765.0550
753.000000,-9.1529,764.6453
754.000000,-9.2517,764.6378
755.000000,-9.0497,765.2541
756.000000,1.1236,715.4055
757.000000,0.9371,745.4500
758.000000,-3.7640,711.2513
759.000000,-6.2430,717.3693
760.000000,-8.6813,757.5948
761.000000,-8.5424,758.2976
762.000000,-8.4394,758.3212
763.000000,-9.1491,761.7390
764.000000,-9.2766,761.5280
765.000000,-9.3206,761.2211
766.000000,-9.3449,760.8588
767.000000,-9.4347,760.6569
768.000000,-9.4506,760.4131
769.000000,-9.4272,760.9268
770.000000,-6.4980,769.4873
771.000000,1.3831,714.9914
772.000000,-3.2014,704.7565
773.000000,-1.3882,708.9505
774.000000,-8.8669,755.1835
775.000000,-8.5713,754.9466
776.000000,-8.2876,754.3831
777.000000,-9.4686,757.8257
778.000000,-9.5873,757.1152
779.000000,-9.5837,756.6765
780.000000,-9.6117,756.1099
781.000000,-9.5864,755.7418
782.000000,-9.6172,755.4775
783.000000,-9.5387,755.0231
784.000000,-9.2879,755.1244
785.000000,4.5933,688.7456
786.000000,4.2179,728.0126
787.000000,-2.7137,722.2554
788.000000,-8.4064,751.3432
789.000000,-8.7321,751.5206
790.000000,-8.8405,751.2521
791.000000,-9.5159,753.0041
792.000000,-9.7613,752.1823
793.000000,-9.7217,751.2420
794.000000,-9.7158,750.7675
795.000000,-9.6998,750.2990
796.000000,-9.7292,749.8392
797.000000,-9.7702,749.4952
798.000000,-9.8234,749.6534
799.000000,-3.7990,763.6624
801.000000,-0.8471,759.1157
802.000000,-1.3637,694.6123
803.000000,-9.0186,746.2191
804.000000,-9.0549,748.0275
805.000000,-9.4112,747.8477
806.000000,-10.0793,748.0174
807.000000,-9.9823,746.2048
808.000000,-9.8687,745.2081
809.000000,-9.8373,744.7483
810.000000,-9.8112,744.2303
811.000000,-9.8436,743.7795
812.000000,-9.8719,743.4778
813.000000,-9.8842,743.1056
814.000000,-10.0098,743.3577
815.000000,0.5456,712.4003
816.000000,1.0804,696.6593
817.000000,-3.5273,698.6132
818.000000,-3.8938,713.3874
819.000000,-9.6827,743.5975
820.000000,-10.0679,743.9435
821.000000,-10.0916,742.6287
822.000000,-10.2892,740.8124
823.000000,-10.0049,739.1621
824.000000,-9.8606,738.5626
825.000000,-9.8334,738.0620
826.000000,-9.8169,737.8235
827.000000,-9.8116,737.4666
828.000000,-9.7968,736.9315
829.000000,-9.8704,736.6098
830.000000,-10.1503,737.2843
831.000000,0.8248,701.8158
832.000000,-3.7159,718.1856
833.000000,-16.1138,778.9397
834.000000,1.5684,743.7357
835.000000,-9.6172,739.0598
836.000000,-10.3821,736.7436
837.000000,-10.3471,735.8900
838.000000,-10.1404,733.8204
839.000000,-9.8326,732.7010
840.000000,-9.7783,732.3537
841.000000,-9.7528,731.9215
842.000000,-9.7413,731.6612
843.000000,-9.7407,731.2147
844.000000,-9.7355,730.9766
845.000000,-9.7440,730.6058
846.000000,-9.7819,730.1587
847.000000,-9.8043,730.5319
848.000000,-5.9048,728.8379
849.000000,-7.8454,708.6084
851.000000,2.1889,684.8630
852.000000,-10.0779,729.9782
853.000000,-10.1260,728.8711
854.000000,-10.0405,727.9583
855.000000,-9.8197,726.7959
856.000000,-9.7701,726.2348
857.000000,-9.7773,725.9309
858.000000,-9.7723,725.6455
859.000000,-9.7708,725.2772
860.000000,-9.7686,725.0754
861.000000,-9.7731,724.4205
862.000000,-9.8138,724.0949
863.000000,-9.7816,723.9906
864.000000,-9.6548,723.4883
865.000000,-7.7791,732.4304
866.000000,-4.1901,703.3166
867.000000,-9.8231,722.2642
868.000000,2.8818,695.7035
869.000000,-9.8486,721.9208
870.000000,-10.1049,722.7276
871.000000,-10.0536,721.7023
872.000000,-9.8357,720.2528
873.000000,-9.8087,719.7597
874.000000,-9.8260,719.4070
875.000000,-9.8432,719.0103
876.000000,-9.8609,718.7539
877.000000,-9.8495,718.3006
878.000000,-9.8585,717.9389
879.000000,-9.8678,717.5568
880.000000,-9.8695,717.2413
881.000000,-9.8422,716.5268
882.000000,-9.7948,715.7390
883.000000,1.2564,701.3830
884.000000,-8.6155,721.9926
885.000000,-9.9423,715.0979
886.000000,0.6612,718.6071
887.000000,-9.9862,715.3435
888.000000,-10.1662,715.9251
889.000000,-10.1534,715.0627
890.000000,-10.0033,713.5100
891.000000,-9.9643,712.8200
892.000000,-9.9769,712.5089
893.000000,-9.9891,712.0970
894.000000,-9.9829,711.6505
895.000000,-9.9724,711.2564
896.000000,-9.9732,710.8360
897.000000,-9.9915,710.3784
898.000000,-9.9815,709.9419
899.000000,-9.9680,709.4322
900.000000,-9.9643,708.8548
901.000000,-10.0559,709.4106
902.000000,-10.0676,708.4676
903.000000,-10.2627,710.1509
904.000000,-5.7217,612.7211
905.000000,-11.4109,655.9465
906.000000,-10.1071,708.3829
907.000000,-10.0405,707.2930
908.000000,-10.0979,706.8982
909.000000,-10.0605,706.0106
910.000000,-10.0564,705.5843
911.000000,-10.0682,705.1753
912.000000,-10.0825,704.9091
913.000000,-10.1175,704.3786
914.000000,-10.1511,704.7350
915.000000,-9.9104,705.8694
916.000000,-10.1573,704.1044
917.000000,-5.0919,708.0094
918.000000,-10.1387,703.5825
919.000000,-10.0520,701.3992
920.000000,-10.1065,702.2841
921.000000,-10.1827,701.3762
922.000000,-10.1618,700.8822
923.000000,-10.1760,700.6946
924.000000,-10.1879,700.1048
925.000000,-10.1765,699.7405
926.000000,-10.1652,699.3816
927.000000,-10.3404,699.3300
928.000000,-10.2080,698.6575
929.000000,-10.2082,697.8847
930.000000,-10.1517,698.6203
931.000000,-10.3871,698.9929
932.000000,-10.3272,697.4455
933.000000,-10.3321,697.1337
934.000000,-10.2492,696.0965
935.000000,-10.2696,695.6360
936.000000,-10.2730,695.3218
937.000000,-10.2441,694.7098
938.000000,-10.2414,694.4324
939.000000,-10.1685,693.9043
940.000000,-10.5619,694.1014
941.000000,-10.2762,692.8934
942.000000,-10.3071,692.8707
943.000000,-10.3412,693.0614
944.000000,-10.2592,692.6869
945.000000,-10.2609,692.8460
946.000000,-10.3030,691.1582
947.000000,-10.2926,690.6018
948.000000,-10.2706,689.9888
949.000000,-10.2892,689.7417
950.000000,-10.2606,689.3099
951.000000,-10.2530,688.9415
952.000000,-10.2836,689.5904
953.000000,-9.7577,687.0671
954.000000,-10.1966,687.3324
955.000000,-10.2669,688.3345
956.000000,-10.3915,685.9646
957.000000,-10.2766,684.8680
958.000000,-10.2848,684.5971
959.000000,-10.2297,684.8910
960.000000,-10.2867,684.8274
961.000000,-10.2997,684.4879
962.000000,-10.2839,684.0804
963.000000,-10.3053,683.6008
964.000000,-10.2678,683.4561
965.000000,-10.3245,682.4715
966.000000,-10.1032,681.4812
967.000000,-10.2690,682.0538
968.000000,-10.4767,680.9244
969.000000,-10.0456,721.6102
970.000000,-10.2274,678.9272
971.000000,-9.8923,679.6140
972.000000,-10.0530,679.3419
973.000000,-10.3123,680.0529
974.000000,-10.3829,679.7056
975.000000,-10.4074,679.1180
976.000000,-10.4187,678.5230
977.000000,-10.4177,678.1999
978.000000,-10.4316,678.1736
979.000000,-10.2925,676.9358
980.000000,-10.0530,678.9924
981.000000,-10.6088,676.4699
982.000000,-10.5425,677.0765
983.000000,-2.6743,711.8062
984.000000,-10.2260,675.4715
985.000000,-10.3256,675.3359
986.000000,-10.4142,675.8560
987.000000,-10.6040,674.7477
988.000000,-10.5970,674.2593
989.000000,-10.6029,673.6097
990.000000,-10.5918,673.2033
991.000000,-10.6428,672.3169
992.000000,-10.5608,672.0252
993.000000,-10.4423,672.2861
994.000000,-10.1636,673.1408
995.000000,-11.2675,674.4773
996.000000,-10.8869,672.5288
997.000000,-10.9322,671.6787
998.000000,-10.3947,669.9690
999.000000,-10.8388,671.0290
1000.000000,-10.5485,670.0289
1001.000000,-10.7616,668.7571
1002.000000,-10.7626,668.2848
1003.000000,-10.8109,667.8357
1004.000000,-10.7580,666.9899
1005.000000,-10.8146,666.5899
1006.000000,-10.8371,666.2971
1007.000000,-10.7663,666.3386
1008.000000,-10.7336,665.0843
1009.000000,-12.1737,677.6575
1010.000000,-10.9135,664.0588
1011.000000,-10.9730,667.4185
1012.000000,-3.0101,776.5241
1013.000000,-11.0309,667.0437
1014.000000,-10.3634,664.4445
1015.000000,-11.1595,664.1385
1016.000000,-10.9899,662.5867
1017.000000,-10.9749,661.9270
1018.000000,-10.9557,661.3263
1019.000000,-10.9638,660.8990
1020.000000,-11.0374,660.5782
1021.000000,-11.0521,660.0060
1022.000000,-10.9452,659.3501
1023.000000,-11.2499,656.7523
1024.000000,-11.6947,665.9769
1025.000000,-11.1734,659.2615
1026.000000,-11.1029,660.4372
1027.000000,-12.2294,719.0315
1028.000000,-11.8192,661.4613
1029.000000,-11.3736,660.7688
1030.000000,-11.4105,656.8543
1031.000000,-11.2359,655.7284
1032.000000,-11.1697,655.1801
1033.000000,-11.1593,654.5777
1034.000000,-11.1630,654.2603
1035.000000,-11.1502,653.7754
1036.000000,-11.1398,653.3573
1037.000000,-11.1324,652.5695
1038.000000,-11.2660,653.0378
1039.000000,-10.8952,652.6125
1040.000000,-11.3630,652.0688
1041.000000,-10.9166,650.3376
1042.000000,-11.1837,650.5355
1043.000000,-5.6607,661.4317
1044.000000,-12.4594,653.1588
1045.000000,-11.6971,648.4807
1046.000000,-11.1972,647.7751
1047.000000,-11.1653,647.7467
1048.000000,-11.1474,647.3679
1049.000000,-11.1157,647.0441
1050.000000,-11.0382,646.5705
1051.000000,-11.0619,646.2893
1052.000000,-10.9530,645.4023
1053.000000,-11.0268,645.3761
1054.000000,-10.8152,644.6980
1055.000000,-10.5146,642.4117
1056.000000,-10.9425,644.8479
1057.000000,-10.8022,642.1874
1058.000000,-10.8207,639.3895
1059.000000,-7.5872,774.7989
1060.000000,-11.8445,641.3315
1061.000000,-11.2879,640.8210
1062.000000,-10.9861,640.6793
1063.000000,-11.0431,640.4630
1064.000000,-11.0317,640.1130
1065.000000,-11.0449,639.6714
1066.000000,-11.0627,639.2540
1067.000000,-11.0534,638.9021
1068.000000,-11.0304,638.2763
1069.000000,-11.0184,637.7460
1070.000000,-11.0417,637.6909
1071.000000,-10.9939,636.4467
1072.000000,-10.4171,636.3310
1073.000000,-10.5222,631.2681
1074.000000,-11.2350,635.0662
1075.000000,-18.7254,609.6780
1076.000000,-11.4424,633.2156
1077.000000,-10.9982,633.0134
1078.000000,-11.0529,633.4311
1079.000000,-17.3072,601.3177
1080.000000,-11.1261,632.9951
1081.000000,-11.1907,632.7479
1082.000000,-11.2104,632.2816
1083.000000,-14.4664,558.9903
1084.000000,-11.1656,631.2869
1085.000000,-11.2654,631.0210
1086.000000,-11.2060,630.4146
1087.000000,-14.6680,799.3761
1088.000000,-11.5909,630.7500
1089.000000,-11.2541,627.7613
1090.000000,-11.2685,628.1988
1091.000000,-11.8880,606.6063
1092.000000,-11.8194,622.5307
1093.000000,-11.3439,626.1176
1094.000000,-11.2624,625.7892
1095.000000,-17.2649,541.4222
1096.000000,-11.3838,625.9714
1097.000000,-11.3113,625.2649
1098.000000,-11.3867,624.8814
1099.000000,-14.1566,606.5326
1101.000000,-13.3980,600.1963
1102.000000,-10.1827,612.0841
1103.000000,-9.8269,608.8399
1104.000000,-10.5753,613.8074
1105.000000,-18.1764,587.2679
1106.000000,-11.2190,617.4943
1107.000000,-11.1989,617.7644
1108.000000,-11.1904,617.7824
1109.000000,-4.5574,699.6284
1110.000000,-11.1328,616.8719
1111.000000,-11.0434,615.7319
1112.000000,-11.0745,615.5332
1113.000000,-24.9722,476.5775
1114.000000,-11.1008,614.8031
1115.000000,-10.8317,612.7227
1116.000000,-10.5613,611.5813
1117.000000,-17.0615,654.8604
1118.000000,-8.3225,607.1449
1119.000000,-0.1376,722.5091
1120.000000,-3.5898,706.3944
1121.000000,1.4686,715.5444
1122.000000,-14.8252,610.6948
1123.000000,-10.1625,603.1038
1124.000000,-10.0985,602.4689
1125.000000,-19.2646,518.1361
1126.000000,-11.0064,605.6115
1127.000000,-10.8734,606.3545
1128.000000,-11.0009,607.0433
1129.000000,-22.5463,696.7321
1130.000000,-11.1516,606.9133
1131.000000,-11.1461,606.4065
1132.000000,-11.0935,605.7683
1133.000000,2.5869,698.6382
1134.000000,-11.0306,604.5831
1135.000000,-10.8465,603.2460
1136.000000,-11.0787,603.6080
1137.000000,-10.6516,573.0083
1138.000000,-10.7257,601.2266
1139.000000,-11.0215,601.9521
1140.000000,-10.0583,580.8637
1141.000000,-16.8914,597.9756
1142.000000,0.7217,719.2800
1143.000000,-17.1314,622.0471
1144.000000,-10.5801,594.1395
1145.000000,-13.3340,525.9241
1146.000000,-10.0915,593.9464
1147.000000,-10.3895,595.1397
1148.000000,-10.5933,596.1168
1149.000000,-24.0664,510.2028
1150.000000,-11.0186,595.5548
1151.000000,-11.0879,595.6466
1152.000000,-11.1109,595.2837
1153.000000,-1.9385,651.4464
1154.000000,-11.1128,594.2603
1155.000000,-11.0252,593.6571
1156.000000,-11.0728,593.4463
1157.000000,-13.4877,761.0644
1158.000000,-10.9974,591.7804
1159.000000,-11.0769,591.8147
1160.000000,-10.8918,589.9036
1161.000000,-14.3877,522.7790
1162.000000,-11.5713,595.9901
1163.000000,-8.0864,588.2402
1164.000000,-15.4310,750.7869
1165.000000,-11.3524,764.3694
1166.000000,-11.6001,940.5730
1167.000000,-9.8102,942.9342
1168.000000,-9.7493,942.1843
1169.000000,-13.2616,871.2061
1170.000000,-10.2579,943.1421
1171.000000,-10.3850,941.6300
1172.000000,-10.6785,942.1765
1173.000000,-24.2575,904.2717
1174.000000,-10.9611,943.3230
1175.000000,-11.0411,943.0802
1176.000000,-11.0541,943.0590
1177.000000,-16.0869,1065.0489
1178.000000,-11.0968,942.1269
1179.000000,-11.1085,941.8556
1180.000000,-11.0830,941.3442
1181.000000,-13.3970,928.9262
1182.000000,-10.9945,939.6682
1183.000000,-11.1198,939.5255
1184.000000,-11.9695,941.8044
1185.000000,-12.0949,779.7304
1186.000000,-12.2445,930.9997
1187.000000,-12.9691,933.8829
1188.000000,-13.0419,930.1301
1189.000000,-8.6434,903.3991
1190.000000,-10.0895,932.8357
1191.000000,-10.4212,932.6006
1192.000000,-10.1997,931.3637
1193.000000,-16.6088,908.2785
1194.000000,-10.7141,931.2971
1195.000000,-10.9920,932.3216
1196.000000,-10.9854,932.6125
1197.000000,-12.9060,1061.3904
1198.000000,-11.2086,932.7484
1199.000000,-11.2747,932.6741
1200.000000,-11.3351,932.6004
1201.000000,-1.7317,996.6473
1202.000000,-11.4548,932.0812
1203.000000,-11.4278,931.5983
1204.000000,-11.3379,930.8972
1205.000000,-31.6788,1091.2947
1206.000000,-11.4266,929.8811
1207.000000,-11.8163,930.4729
1208.000000,-12.4445,921.8248
1209.000000,-11.2562,893.1371
1210.000000,-11.7636,927.6090
1211.000000,-15.3415,909.9743
1212.000000,-10.5117,923.0179
1213.000000,-16.6319,904.8411
1214.000000,-10.7306,920.7259
1215.000000,-11.0106,921.6359
1216.000000,-10.6529,920.1009
1217.000000,-14.0141,899.4861
1218.000000,-11.2760,923.4629
1219.000000,-11.4591,923.8094
1220.000000,-11.5394,923.8185
1221.000000,-5.1871,766.5754
1222.000000,-11.7358,923.5704
1223.000000,-11.7993,923.3215
1224.000000,-11.8634,923.0067
1225.000000,-18.4624,957.3018
1226.000000,-11.9051,922.2315
1227.000000,-11.9062,921.7767
1228.000000,-12.0052,921.5269
1229.000000,-14.2332,853.8113
1230.000000,-13.0416,922.3776
1231.000000,-13.7544,923.0225
1232.000000,-18.0981,914.5899
1233.000000,-12.5210,900.2945
1234.000000,-11.3033,917.1115
1235.000000,-12.1502,917.3219
1236.000000,-11.9709,917.0458
1237.000000,-11.8492,803.6789
1238.000000,-11.6638,916.0282
1239.000000,-11.4340,914.7324
1241.000000,-12.9702,907.1305
1242.000000,-12.0095,914.9522
1243.000000,-11.8713,913.8947
1244.000000,-11.9561,913.4705
1245.000000,-4.2816,832.8632
1246.000000,-12.0149,912.6875
1247.000000,-12.0218,912.0226
1248.000000,-12.0457,911.4909
1249.000000,-11.4994,885.9340
1250.000000,-12.0155,910.6885
1251.000000,-11.9570,909.3468
1252.000000,-11.9483,909.0077
1253.000000,-12.4810,912.7331
1254.000000,-12.1961,908.8125
1255.000000,-12.2104,907.6249
1256.000000,-11.0424,905.3766
1257.000000,-11.6096,902.3662
1258.000000,-11.3049,903.0778
1259.000000,-11.3068,900.6940
1260.000000,-11.3008,900.1974
1261.000000,-14.0754,887.8524
1262.000000,-11.4402,901.0100
1263.000000,-11.5341,900.3272
1264.000000,-11.7745,901.2152
1265.000000,-8.6304,911.5190
1266.000000,-11.9400,900.9186
1267.000000,-11.9290,900.3595
1268.000000,-11.9628,900.2978
1269.000000,0.3076,849.4599
1270.000000,-11.9809,899.0893
1271.000000,-12.0115,898.6876
1272.000000,-12.0018,898.1791
1273.000000,-0.9761,926.7941
1274.000000,-12.0115,897.8966
1275.000000,-11.9961,896.7225
1276.000000,-11.9741,896.3784
1277.000000,-11.9448,912.5151
1278.000000,-11.9972,897.4101
1279.000000,-12.1203,894.0983
1280.000000,-16.6875,934.6032
1281.000000,-13.5182,884.5535
1282.000000,-12.0261,892.5017
1283.000000,-12.0240,893.6602
1284.000000,-11.9964,888.1599
1285.000000,-20.8161,876.7902
1286.000000,-11.9528,888.7034
1287.000000,-12.0715,888.7620
1288.000000,-12.0871,888.8351
1289.000000,-12.8216,892.3010
1290.000000,-12.0491,888.4343
1291.000000,-12.0778,888.0784
1292.000000,-12.1056,887.8202
1293.000000,0.1693,806.3418
1294.000000,-12.0778,887.0474
1295.000000,-12.0682,886.8121
1296.000000,-12.0317,886.2392
1297.000000,-14.7287,877.0219
1298.000000,-12.0815,885.9404
1299.000000,-12.0414,885.2862
1300.000000,-12.0642,885.0329
1301.000000,-14.2158,887.7058
1302.000000,-12.1445,882.3216
1303.000000,-11.9732,890.0034
1304.000000,-11.8346,889.4433
1305.000000,-15.0226,893.7905
1306.000000,-12.3751,880.0417
1307.000000,-12.9025,884.2551
1308.000000,12.2627,839.1906
1309.000000,-10.2575,881.0666
1310.000000,-12.2609,874.2090
1311.000000,-12.1387,876.5065
1312.000000,-12.0691,875.7584
1313.000000,-12.1073,876.7818
1314.000000,-12.0231,876.3198
1315.000000,-12.0459,875.4939
1316.000000,-12.0424,875.6294
1317.000000,-12.0020,875.8319
1318.000000,-12.0011,874.7900
1319.000000,-11.9539,874.5865
1320.000000,-11.9985,874.1317
1321.000000,-12.0351,873.8657
1322.000000,-11.9526,873.6546
1323.000000,-11.9043,874.3443
1324.000000,-11.9889,873.3889
1325.000000,-12.0612,873.1621
1326.000000,-11.9741,871.0973
1327.000000,-11.8813,870.5189
1328.000000,-11.7393,867.3625
1329.000000,-12.4797,879.4553
1330.000000,-14.5029,966.3784
1331.000000,-12.2801,873.3078
1332.000000,-11.9788,859.0201
1333.000000,-11.6388,863.6079
1334.000000,-11.8874,859.1055
1335.000000,-11.6321,859.4798
1336.000000,-11.5677,860.3467
1337.000000,-11.8589,863.4901
1338.000000,-11.8900,863.3802
1339.000000,-11.8440,863.9042
1340.000000,-11.8875,863.2464
1341.000000,-11.8793,864.2547
1342.000000,-11.8152,863.3845
1343.000000,-11.7799,863.0840
1344.000000,-11.8456,862.8436
1345.000000,-11.9105,863.0683
1346.000000,-11.7621,862.2301
1347.000000,-11.7232,862.0216
1348.000000,-11.7263,862.1615
1349.000000,-11.8899,861.6504
1350.000000,-11.7414,862.3162
1351.000000,-11.6667,861.8618
1352.000000,-11.9936,862.6420
1353.000000,-11.8725,860.1709
1354.000000,-11.9429,859.8066
1355.000000,-11.6711,864.1506
1356.000000,-10.3311,869.7138
1357.000000,-12.1278,862.4531
1358.000000,-11.9624,857.8246
1359.000000,-11.4748,847.8947
1360.000000,-13.0383,828.4192
1361.000000,-6.7591,780.1618
1362.000000,-10.9200,849.5799
1363.000000,-11.3446,850.9392
1364.000000,-11.3524,852.2207
1365.000000,-11.5862,853.2143
1366.000000,-11.5709,853.1170
1367.000000,-11.5404,852.3084
1368.000000,-11.6272,852.2372
1369.000000,-11.6486,852.3348
1370.000000,-11.7022,851.9597
1371.000000,-11.5865,851.2134
1372.000000,-11.6048,851.2075
1373.000000,-11.6631,850.9051
1374.000000,-11.5825,850.1906
1375.000000,-11.7200,850.7048
1376.000000,-11.5076,849.7701
1377.000000,-11.7472,849.2693
1378.000000,-11.7350,849.2915
1379.000000,-11.9130,848.6456
1380.000000,-11.9330,848.8495
1381.000000,-12.3790,853.5989
1382.000000,-11.6689,856.2910
1383.000000,-11.2111,874.5048
1384.000000,-11.7583,850.2983
1385.000000,-11.2336,846.5452
1386.000000,-11.3896,834.9791
1387.000000,-13.5467,822.3394
1388.000000,-0.5599,797.2674
1389.000000,-10.9570,842.6479
1390.000000,-11.3414,843.2573
1391.000000,-11.3863,842.5106
1392.000000,-11.5156,842.6973
1393.000000,-11.5452,843.1586
1394.000000,-11.5557,842.1163
1395.000000,-11.5340,841.5607
1396.000000,-11.5816,841.4638
1397.000000,-11.5682,841.5378
1398.000000,-11.6001,841.3022
1399.000000,-11.5591,840.9360
1400.000000,-11.6559,840.9712
1401.000000,-11.5609,841.2818
1402.000000,-11.5849,839.6820
1403.000000,-11.7443,839.4346
1404.000000,-11.6892,840.4735
1405.000000,-11.9967,842.0529
1406.000000,-11.6784,840.0624
1407.000000,-11.5849,839.6659
1408.000000,-11.7932,849.9685
1409.000000,-11.6851,838.0000
1410.000000,-10.7705,854.8436
1411.000000,-13.6658,815.4707
1412.000000,3.6028,693.3191
1413.000000,-0.0380,713.6699
1414.000000,1.8074,719.5575
1415.000000,-8.3096,857.7753
1416.000000,1.8676,706.5027
1417.000000,2.3211,712.0503
1418.000000,-6.7954,869.4756
1419.000000,-12.4943,874.3175
1420.000000,-13.1508,873.7165
1421.000000,-10.0816,874.9510
1422.000000,-14.1512,845.5435
1423.000000,-12.7680,836.1537
1424.000000,-12.6649,833.7956
1425.000000,-12.4840,832.4931
1426.000000,-12.4937,830.9391
1427.000000,-12.4140,830.5544
1428.000000,-12.4387,830.9591
1429.000000,-12.5538,829.1620
1430.000000,-12.5473,827.7236
1431.000000,-12.7958,827.8321
1432.000000,-14.0302,834.1977
1433.000000,-12.0490,823.7970
1434.000000,-14.4398,847.3083
1435.000000,1.6428,710.0749
1436.000000,1.1082,704.1655
1437.000000,1.0790,727.2773
1438.000000,1.3296,705.5444
1439.000000,1.9108,694.5826
1440.000000,1.0291,710.3386
1441.000000,3.8605,718.5653
1442.000000,-13.5388,875.0523
1443.000000,-16.0592,865.4034
1444.000000,-15.2719,860.1530
1445.000000,-15.7208,851.7454
1446.000000,-15.4115,830.5571
1447.000000,-13.7739,822.5665
1448.000000,-12.8928,819.1286
1449.000000,-12.6773,818.5561
1450.000000,-12.6477,817.6975
1451.000000,-12.5055,817.4477
1452.000000,-12.5618,816.1060
1453.000000,-12.2493,816.5362
1454.000000,-12.2194,813.6982
1455.000000,-12.1882,811.8084
1456.000000,-13.3360,814.2950
1457.000000,-11.9828,803.9358
1458.000000,-16.0813,827.2181
1459.000000,1.9931,710.5319
1460.000000,-11.6494,799.4450
1461.000000,4.3608,711.4505
1462.000000,6.2856,710.7892
1463.000000,1.6812,695.0749
1464.000000,3.9824,719.3378
1465.000000,3.0414,722.0783
1466.000000,-5.8718,824.5214
1467.000000,-20.1692,851.6793
1468.000000,-20.8127,835.5361
1469.000000,-21.7497,830.1492
1470.000000,-20.6523,817.5429
1471.000000,-14.6941,795.9774
1472.000000,-13.0767,801.7055
1473.000000,-12.2416,803.0028
1474.000000,-12.0425,802.5910
1475.000000,-11.9411,802.4954
1476.000000,-11.9347,802.3669
1477.000000,-11.9863,802.1343
1478.000000,-11.7090,801.0917
1479.000000,-11.8864,801.4677
1480.000000,-11.4621,799.4800
1481.000000,-11.2285,799.5715
1482.000000,-11.7893,794.5340
1483.000000,-13.7448,791.4333
1484.000000,-12.4756,773.3094
1485.000000,4.7940,726.0571
1486.000000,0.3342,716.3334
1487.000000,0.0869,706.7478
1488.000000,2.5122,711.1618
1489.000000,-6.7656,670.6460
1490.000000,1.9285,710.8827
1491.000000,2.5383,705.3579
1492.000000,2.9956,729.1878
1493.000000,-22.0968,786.1304
1494.000000,-19.7261,776.1204
1495.000000,-18.0883,773.6025
1496.000000,-21.4947,785.4070
1497.000000,-11.7218,780.8088
1498.000000,-11.3967,785.4084
1499.000000,-11.3304,788.1716
1500.000000,-11.2258,788.8056
1501.000000,-11.2214,789.3648
1502.000000,-11.1049,788.6072
1503.000000,-11.1529,788.4164
1504.000000,-11.0670,787.9042
1505.000000,-11.1272,788.3747
1506.000000,-10.8540,787.8697
1507.000000,-10.9155,786.5710
1508.000000,-11.3144,787.9336
1509.000000,-10.2583,780.6011
1510.000000,-10.6633,794.8651
1511.000000,-9.0268,784.7116
1512.000000,1.5380,729.1282
1513.000000,2.8221,725.1286
1514.000000,2.1271,725.1851
1515.000000,0.0283,723.2231
1516.000000,0.6091,721.0087
1517.000000,1.8323,664.3051
1518.000000,4.7480,689.3092
1519.000000,-20.4932,778.3705
1520.000000,-15.0265,749.0654
1521.000000,-14.5095,748.3037
1522.000000,-12.8425,752.7069
1523.000000,-14.7727,752.4561
1524.000000,-10.0146,760.6789
1525.000000,-9.7466,776.0709
1526.000000,-10.0889,779.9422
1527.000000,-10.1652,780.2731
1528.000000,-10.1951,780.6342
1529.000000,-10.3111,780.9426
1530.000000,-10.3118,781.0425
1531.000000,-10.2912,781.3440
1532.000000,-10.4544,781.7135
1533.000000,-10.1981,781.0990
1534.000000,-10.2895,781.6007
1535.000000,-10.2677,780.2642
1536.000000,-10.0169,775.9373
1537.000000,-10.6515,781.4126
1538.000000,-12.0243,770.1393
1539.000000,0.9338,720.3056
1541.000000,5.0102,716.5833
1542.000000,1.1587,713.6941
1543.000000,1.1594,704.5289
1544.000000,-0.3617,723.9012
1545.000000,8.2016,735.2821
1546.000000,4.2084,704.0004
1547.000000,2.8183,704.9004
1548.000000,-12.2133,738.6618
1549.000000,-9.4385,745.7229
1550.000000,-9.7627,745.0086
1551.000000,-9.6766,744.0065
1552.000000,-9.3360,756.3517
1553.000000,-8.5140,772.0092
1554.000000,-9.5436,776.2750
1555.000000,-9.9739,776.2364
1556.000000,-10.1489,776.0136
1557.000000,-10.3092,775.9309
1558.000000,-10.3610,776.1119
1559.000000,-10.4437,775.2876
1560.000000,-10.3749,775.3820
1561.000000,-10.6594,775.5355
1562.000000,-10.6411,774.3662
1563.000000,-10.6499,775.6916
1564.000000,-10.7848,776.1039
1565.000000,-10.3407,773.6287
1566.000000,-11.2406,765.0954
1567.000000,-11.8193,771.1944
1568.000000,-12.2655,795.1733
1569.000000,0.8770,733.5064
1571.000000,3.3649,717.2577
1572.000000,1.4728,720.4925
1573.000000,-5.5719,747.2796
1574.000000,2.0765,653.2122
1575.000000,2.3789,687.9394
1576.000000,-13.9345,748.9417
1577.000000,-8.0768,749.0876
1578.000000,-7.8508,752.8739
1579.000000,-8.8608,757.1166
1580.000000,-7.9691,748.6300
1581.000000,-8.7351,757.3408
1582.000000,-9.4849,767.2919
1583.000000,-10.5364,767.9772
1584.000000,-10.5774,768.0125
1585.000000,-10.8948,767.3352
1586.000000,-10.9772,767.0675
1587.000000,-10.9979,766.6006
1588.000000,-11.1270,766.5002
1589.000000,-11.0838,765.6563
1590.000000,-11.1289,764.8393
1591.000000,-11.2993,765.2023
1592.000000,-10.9870,763.6689
1593.000000,-11.3292,764.7147
1594.000000,-11.5289,764.8696
1595.000000,-10.7259,764.5981
1596.000000,-11.2873,755.4368
1597.000000,-11.3911,769.9636
1598.000000,-7.9621,726.2055
1599.000000,2.2683,716.9739
1601.000000,4.6515,715.3649
1602.000000,-2.2643,693.0326
1603.000000,4.3318,699.9143
1604.000000,4.7848,710.1657
1605.000000,0.7778,726.7609
1606.000000,-10.4710,737.8461
1607.000000,-7.5498,745.9716
1608.000000,-8.6712,755.1990
1609.000000,-8.0259,753.0701
1610.000000,-8.8376,753.3471
1611.000000,-9.2537,758.6192
1612.000000,-10.9644,760.0432
1613.000000,-10.9373,758.2741
1614.000000,-11.2638,757.7338
1615.000000,-11.4428,757.2268
1616.000000,-11.4944,756.7692
1617.000000,-11.5536,756.1334
1618.000000,-11.5346,755.8810
1619.000000,-11.5543,755.3501
1620.000000,-11.6965,755.2917
1621.000000,-11.5867,754.3001
1622.000000,-11.5329,754.0927
1623.000000,-11.7532,753.9210
1624.000000,-11.8042,752.5744
1625.000000,-11.6989,753.4097
1626.000000,-11.7026,752.7348
1627.000000,-10.6569,748.3063
1628.000000,-10.8503,739.9987
1629.000000,-11.8932,749.6130
1630.000000,-13.5500,714.3162
1631.000000,0.9626,716.8453
1632.000000,2.5835,740.6429
1633.000000,-4.7786,697.2523
1634.000000,1.5354,705.3718
1635.000000,2.9260,726.6046
1636.000000,7.5905,740.3955
1637.000000,-2.5738,746.1477
1638.000000,-9.6640,739.1541
1639.000000,-10.6338,748.8372
1640.000000,-11.0707,751.9345
1641.000000,-10.2917,747.9313
1642.000000,-10.1475,746.8308
1643.000000,-11.1298,748.1260
1644.000000,-11.8414,747.6668
1645.000000,-12.2000,746.1433
1646.000000,-12.0487,745.3548
1647.000000,-12.1026,744.8397
1648.000000,-12.0945,743.6829
1649.000000,-12.0537,743.1717
1650.000000,-12.0432,742.7304
1651.000000,-12.0549,742.1615
1652.000000,-12.0207,741.3923
1653.000000,-12.0467,741.4473
1654.000000,-12.0137,740.5827
1655.000000,-11.9378,740.4607
1656.000000,-12.0552,740.3138
1657.000000,-12.0424,739.0983
1658.000000,-12.0445,739.5735
1659.000000,-11.6678,739.4286
1660.000000,-11.7993,737.3397
1661.000000,-11.9327,732.8634
1662.000000,0.8670,694.4128
1663.000000,3.5356,721.2521
1664.000000,2.3401,747.1726
1665.000000,0.8048,709.2069
1666.000000,-15.9608,658.1028
1667.000000,4.1549,732.0659
1668.000000,4.5600,721.1005
1669.000000,1.5869,739.3271
1670.000000,-11.8733,738.2097
1671.000000,-12.8698,736.3761
1672.000000,-12.4495,737.1864
1673.000000,-12.9483,735.3808
1674.000000,-12.7466,735.3246
1675.000000,-12.7903,733.7323
1676.000000,-12.3754,733.8542
1677.000000,-12.3301,732.2432
1678.000000,-12.2353,731.7062
1679.000000,-12.2064,731.4954
1680.000000,-12.1257,730.7730
1681.000000,-12.0545,730.3107
1682.000000,-12.0324,730.0033
1683.000000,-11.9930,729.7491
1684.000000,-11.9600,729.3365
1685.000000,-11.9034,728.8651
1686.000000,-11.9846,728.5416
1687.000000,-11.9176,728.4031
1688.000000,-11.9744,727.9013
1689.000000,-11.8880,727.7073
1690.000000,-11.8736,727.3373
1691.000000,-11.9650,726.9463
1692.000000,-11.9368,726.8236
1693.000000,-11.9289,725.7545
1694.000000,-12.0984,725.9033
1695.000000,-12.5420,724.3200
1696.000000,4.7725,695.6644
1697.000000,3.2854,712.4331
1698.000000,-10.9075,715.8017
1699.000000,-12.3168,724.2347
1701.000000,0.9028,690.8198
1702.000000,1.4046,710.2927
1703.000000,-12.6573,723.7423
1704.000000,-12.3642,723.0419
1705.000000,-12.1665,723.8788
1706.000000,-12.1615,723.4194
1707.000000,-12.1817,722.1637
1708.000000,-12.2049,722.0343
1709.000000,-12.0885,721.6544
1710.000000,-12.0070,720.7979
1711.000000,-11.9962,720.2460
1712.000000,-11.9215,719.8768
1713.000000,-11.9002,719.3775
1714.000000,-11.9062,719.1664
1715.000000,-11.8836,718.7558
1716.000000,-11.8866,718.3109
1717.000000,-11.9129,717.8605
1718.000000,-11.8950,717.4760
1719.000000,-11.8937,717.1795
1720.000000,-11.9005,716.9448
1721.000000,-11.8802,716.5969
1722.000000,-11.8928,715.9015
1723.000000,-11.8992,715.2454
1724.000000,-11.9123,715.6355
1725.000000,-11.9060,714.5520
1726.000000,-11.9311,715.3479
1727.000000,-11.9103,715.2081
1728.000000,-11.8777,711.3076
1729.000000,-11.6845,715.8749
1730.000000,-10.3395,697.1104
1731.000000,2.4158,719.1517
1732.000000,4.1573,686.3611
1733.000000,-11.2077,718.5148
1734.000000,-12.3695,705.5189
1735.000000,4.5533,766.2213
1736.000000,1.0211,696.9312
1737.000000,-10.9980,724.1556
1738.000000,-12.1939,710.5609
1739.000000,-12.2020,710.2497
1740.000000,-12.1390,713.2362
1741.000000,-12.0291,708.7029
1742.000000,-12.1849,711.3199
1743.000000,-12.1027,707.9009
1744.000000,-12.1122,709.0640
1745.000000,-11.9994,707.8235
1746.000000,-12.0065,707.4049
1747.000000,-12.0195,707.1610
1748.000000,-12.0166,706.7310
1749.000000,-12.0025,706.4728
1750.000000,-12.0239,706.3330
1751.000000,-12.0203,705.6890
1752.000000,-12.0028,705.2971
1753.000000,-12.0191,704.8815
1754.000000,-12.0025,704.5130
1755.000000,-12.0133,704.1336
1756.000000,-12.0863,704.0285
1757.000000,-12.0293,703.3767
1758.000000,-12.0911,703.5483
1759.000000,-12.0627,703.0448
1760.000000,-12.0327,701.6378
1761.000000,-12.1240,702.5341
1762.000000,-12.0374,700.6421
1763.000000,-12.0926,702.0251
1764.000000,-12.3667,703.7784
1765.000000,-12.2875,706.4364
1766.000000,4.8111,734.6252
1767.000000,0.6958,686.9906
1768.000000,-10.5035,704.9526
1769.000000,-11.8327,700.6492
1770.000000,-12.1222,703.1128
1771.000000,8.0161,669.4626
1772.000000,3.8285,697.2098
1773.000000,-12.9840,666.0597
1774.000000,-8.6288,671.2826
1775.000000,-11.4825,692.9781
1776.000000,-11.5642,695.4691
1777.000000,-11.8483,697.2398
1778.000000,-11.9439,694.5597
1779.000000,-11.9734,695.6539
1780.000000,-12.2421,695.8852
1781.000000,-12.0968,694.8774
1782.000000,-12.1956,694.9892
1783.000000,-12.2774,694.7326
1784.000000,-12.2443,693.9132
1785.000000,-12.2271,693.9491
1786.000000,-12.2925,693.3452
1787.000000,-12.2924,692.7544
1788.000000,-12.3089,692.4103
1789.000000,-12.3201,691.9118
1790.000000,-12.2871,691.6226
1791.000000,-12.3153,691.1056
1792.000000,-12.2906,691.1688
1793.000000,-12.1847,691.0747
1794.000000,-12.3140,689.8408
1795.000000,-12.3769,690.5480
1796.000000,-12.3709,688.7185
1797.000000,-12.4265,687.9713
1798.000000,-12.3072,687.8853
1799.000000,-12.3102,686.7403
1800.000000,-12.2007,688.5675
1801.000000,-12.8734,691.5901
1802.000000,-12.5349,689.8788
1803.000000,-13.3714,683.4791
1804.000000,-12.4786,692.2075
1805.000000,-9.7960,685.2155
1806.000000,-11.7229,687.9871
1807.000000,-11.0834,687.3372
1808.000000,-2.6353,685.0179
1809.000000,-13.2343,684.4090
1810.000000,-18.5256,690.7509
1811.000000,-8.9982,676.7411
1812.000000,-12.4644,689.4632
1813.000000,-10.5269,673.9664
1814.000000,-6.3589,687.3175
1815.000000,-10.4376,667.3069
1816.000000,-11.8252,680.8547
1817.000000,-12.6621,682.9902
1818.000000,-12.6056,682.1736
1819.000000,-12.6702,682.0605
1820.000000,-12.5744,681.4994
1821.000000,-12.7208,681.6386
1822.000000,-12.6659,681.2654
1823.000000,-12.7650,680.1657
1824.000000,-12.5419,678.0824
1825.000000,-12.8540,678.8508
1826.000000,-12.3708,674.3750
1827.000000,-12.5545,675.4141
1828.000000,-13.3715,670.0865
1829.000000,-13.5444,666.8335
1830.000000,-18.6453,685.0570
1831.000000,-13.7081,683.7254
1832.000000,-12.8221,677.7114
1833.000000,-12.3024,666.8525
1834.000000,-15.0864,653.1143
1835.000000,-8.8704,669.0418
1836.000000,-12.5407,680.3037
1837.000000,-11.1620,675.3781
1838.000000,-8.4588,695.8037
1839.000000,-12.9975,694.6238
1840.000000,-11.9157,683.8097
1841.000000,-12.9961,672.9573
1842.000000,-12.8788,672.7908
1843.000000,-12.9606,671.9848
1844.000000,-12.9698,671.5614
1845.000000,-12.9981,671.1932
1846.000000,-12.9228,669.4662
1847.000000,-12.9678,671.0094
1848.000000,-12.8398,668.1986
1849.000000,-12.9420,667.3984
1850.000000,-12.8548,665.8788
1851.000000,-13.4554,673.5943
1852.000000,-14.6011,668.3957
1853.000000,-11.2144,670.4202
1854.000000,-10.5738,668.2274
1855.000000,-16.4974,698.2536
1856.000000,-13.3700,657.8667
1857.000000,-13.1237,666.4324
1858.000000,-13.6589,662.8244
1859.000000,-2.9976,611.9461
1860.000000,-12.6935,670.7040
1861.000000,-13.0347,674.4392
1862.000000,-13.5082,671.3137
1863.000000,-15.2877,685.0378
1864.000000,-12.1795,677.4903
1865.000000,-13.0434,657.9130
1866.000000,-13.0627,661.9696
1867.000000,-13.1720,662.3424
1868.000000,-13.2267,661.1710
1869.000000,-13.1353,660.2861
1870.000000,-13.3683,660.3219
1871.000000,-13.3903,660.5851
1872.000000,-13.3658,660.0325
1873.000000,-13.2872,660.9517
1874.000000,-13.2668,660.1416
1875.000000,-12.9406,660.1136
1876.000000,-12.9474,657.6941
1877.000000,-13.6018,649.7504
1878.000000,-13.2082,664.7619
1879.000000,-15.8851,649.9229
1880.000000,-12.3967,641.8075
1881.000000,-15.9372,665.8536
1882.000000,-14.0412,656.4724
1883.000000,-13.7543,655.1966
1884.000000,-14.5793,655.6884
1885.000000,-12.8548,660.2846
1886.000000,-14.5679,660.8736
1887.000000,-14.1548,669.6704
1888.000000,-14.8577,662.7314
1889.000000,-10.8695,665.0754
1890.000000,-15.6489,657.8977
1891.000000,-13.9507,650.3690
1892.000000,-13.7229,651.6449
1893.000000,-13.5831,651.9721
1894.000000,-13.5764,651.2201
1895.000000,-13.5945,651.1408
1896.000000,-13.6995,649.9986
1897.000000,-13.4963,648.7677
1898.000000,-13.7293,649.8407
1899.000000,-13.6030,647.7585
1900.000000,-13.8680,646.8236
1901.000000,-14.0945,647.0448
1902.000000,-13.7173,644.4572
1903.000000,-14.6293,653.8297
1904.000000,-15.2033,659.5217
1905.000000,-14.9896,667.0968
1906.000000,-7.7182,671.3287
1907.000000,-13.6344,651.8362
1908.000000,-15.2599,651.5962
1909.000000,-15.0955,651.5968
1910.000000,-15.7079,648.0881
1911.000000,-19.1891,764.4032
1912.000000,-15.8205,651.6953
1913.000000,-14.2802,650.2989
1914.000000,-15.1364,664.0497
1915.000000,-14.2126,659.0174
1916.000000,-17.4138,630.6064
1917.000000,-15.4456,644.0900
1918.000000,-14.4921,639.0939
1919.000000,-14.3569,640.4376
1920.000000,-14.2821,640.4186
1921.000000,-14.3539,640.3189
1922.000000,-14.2836,639.8040
1923.000000,-14.3307,639.9175
1924.000000,-14.2665,640.2093
1925.000000,-14.4773,637.5455
1926.000000,-14.6016,639.2167
1927.000000,-14.3707,639.1219
1928.000000,-14.7571,639.1475
1929.000000,-14.0508,633.8892
1930.000000,-13.2714,638.9043
1931.000000,-12.9532,632.0874
1932.000000,-17.9878,633.0173
1933.000000,-19.0020,610.8383
1934.000000,-14.8511,642.1142
1935.000000,-15.4913,637.1291
1936.000000,-15.3726,639.4657
1937.000000,-15.5948,636.1061
1938.000000,-11.9751,646.1450
1939.000000,-16.0481,622.7122
1940.000000,-14.5247,625.1107
1941.000000,-12.3317,635.2477
1942.000000,-13.1132,621.2005
1943.000000,-17.2126,631.7089
1944.000000,-14.9240,629.1849
1945.000000,-13.8871,627.7898
1946.000000,-14.2748,627.9496
1947.000000,-14.2893,627.8915
1948.000000,-14.1936,627.1552
1949.000000,-14.3078,627.5634
1950.000000,-14.1779,626.8861
1951.000000,-13.9673,625.7000
1952.000000,-13.9984,626.0015
1953.000000,-14.4122,625.1454
1954.000000,-14.3833,625.5143
1955.000000,-14.2827,627.9315
1956.000000,-14.6359,627.6990
1957.000000,-15.0480,627.9733
1958.000000,-15.5781,633.3500
1959.000000,-12.4903,615.9889
1960.000000,-12.2241,591.9600
1961.000000,-17.6624,599.8247
1962.000000,-14.7360,628.6069
1963.000000,-14.3001,627.3112
1964.000000,-13.6488,629.0735
1965.000000,-14.4046,634.5504
1966.000000,-7.8398,783.6806
1967.000000,-12.9413,604.7378
1968.000000,-15.0823,626.9987
1969.000000,-15.1040,607.0354
1970.000000,-14.5466,636.6842
1971.000000,-14.4851,612.0701
1972.000000,-13.5647,611.6689
1973.000000,-14.0958,618.1518
1974.000000,-13.9384,617.4339
1975.000000,-14.1722,617.1313
1976.000000,-14.2299,617.1207
1977.000000,-14.1958,616.5818
1978.000000,-14.0864,615.6725
1979.000000,-14.1128,616.1742
1980.000000,-14.1930,617.0796
1981.000000,-14.2341,615.2715
1982.000000,-14.5587,617.6982
1983.000000,-14.3656,617.4820
1984.000000,-14.5966,618.1845
1985.000000,-14.0794,612.6293
1986.000000,-12.5329,613.6175
1987.000000,-13.2715,602.9701
1988.000000,-14.1652,599.9950
1989.000000,-10.0601,652.5894
1990.000000,-13.5429,625.9960
1991.000000,-13.4673,615.2502
1992.000000,-12.9804,619.3074
1993.000000,-12.2842,605.6422
1994.000000,-15.8281,651.7557
1995.000000,-14.3268,606.5140
1996.000000,-11.4324,606.4608
1997.000000,-16.0438,613.2775
1998.000000,-12.3233,593.5899
1999.000000,-14.7658,603.0714
2000.000000,-14.2785,605.8291
2001.000000,-14.3248,606.1577
2002.000000,-14.2048,606.4790
2003.000000,-14.4162,605.6701
2004.000000,-14.3831,605.4110
2005.000000,-14.4215,604.7674
2006.000000,-14.3966,604.5120
2007.000000,-14.6424,604.3718
2008.000000,-14.3807,603.5892
2009.000000,-14.7594,604.2759
2010.000000,-14.6555,602.7150
2011.000000,-14.9568,602.3732
2012.000000,-14.5625,601.3952
2013.000000,-13.8874,598.9441
2014.000000,-13.9301,601.6346
2015.000000,-12.3340,600.7141
2016.000000,-15.5591,603.9433
2017.000000,-14.8148,619.2363
2018.000000,-16.5908,614.6938
2019.000000,-13.8045,597.4387
2020.000000,-13.5279,601.4285
2021.000000,-12.6847,598.3211
2022.000000,-11.7737,592.1515
2023.000000,-16.8546,582.9145
2024.000000,-17.0915,714.0327
2025.000000,-13.5089,602.7579
2026.000000,-12.8478,609.1847
2027.000000,-16.1480,603.8984
2028.000000,-13.2102,589.8203
2029.000000,-13.6202,595.5899
2030.000000,-14.4980,594.8775
2031.000000,-14.4287,594.3014
2032.000000,-14.3488,593.3840
2033.000000,-14.3910,592.4774
2034.000000,-14.4395,592.5175
2035.000000,-14.5290,591.6918
2036.000000,-14.6010,591.8525
2037.000000,-14.7077,590.9971
2038.000000,-14.7042,590.3387
2039.000000,-14.5671,589.4907
2040.000000,-14.6342,590.7840
2041.000000,-14.7819,589.6482
2042.000000,-14.2862,587.2068
2043.000000,-14.8351,588.3233
2044.000000,-13.9833,585.4799
2045.000000,-14.1081,592.0628
2046.000000,-14.5995,573.9911
2047.000000,-16.1748,580.2407
2048.000000,-10.4964,559.9027
2049.000000,-13.7425,586.0334
2050.000000,-13.2611,583.0356
2051.000000,-12.7577,582.2942
2052.000000,-13.3882,574.2030
2053.000000,-15.4443,581.7503
2054.000000,-9.8855,571.5222
2055.000000,-13.2063,585.4788
2056.000000,-14.6542,602.9708
2057.000000,-13.1174,594.0686
2058.000000,-11.4806,576.9086
2059.000000,-13.6505,584.7581
2060.000000,-14.2820,580.8850
2061.000000,-14.6029,580.7188
2062.000000,-14.7767,580.9072
2063.000000,-14.7874,579.4810
2064.000000,-14.8553,579.0471
2065.000000,-14.8089,577.9743
2066.000000,-14.9263,577.5026
2067.000000,-14.9120,576.9857
2068.000000,-14.8146,576.4787
2069.000000,-15.0227,575.3187
2070.000000,-14.8253,574.6362
2071.000000,-14.7932,574.3453
2072.000000,-14.7573,573.8862
2073.000000,-14.7234,573.1035
2074.000000,-15.2750,574.9264
2075.000000,-14.5967,573.2788
2076.000000,-14.2925,571.6456
2077.000000,-14.7224,564.0140
2078.000000,-14.2446,565.1207
2079.000000,-16.3873,579.0560
2080.000000,-16.6962,553.4179
2081.000000,-13.9775,567.4606
2082.000000,-14.3726,567.9176
2083.000000,-14.4681,569.9813
2084.000000,-15.7977,576.6712
2085.000000,-16.2113,588.7912
2086.000000,-12.6269,584.0351
2087.000000,-13.0751,578.5016
2088.000000,-14.6210,584.8046
2089.000000,-14.4837,578.0267
2090.000000,-15.6935,568.5907
2091.000000,-15.6860,566.2302
2092.000000,-15.5426,564.9848
2093.000000,-15.4613,563.2091
2094.000000,-15.4974,562.9480
2095.000000,-15.4760,562.1381
2096.000000,-15.4900,561.4219
2097.000000,-15.5376,560.4829
2098.000000,-15.4984,560.1819
2099.000000,-15.4899,559.7445
2100.000000,-15.5355,559.1740
2101.000000,-15.4620,558.7932
2102.000000,-15.5560,557.9932
2103.000000,-15.3826,556.7383
2104.000000,-15.4518,556.4608
2105.000000,-15.4183,556.1045
2106.000000,-15.6656,555.7259
2107.000000,-15.4865,554.2141
2108.000000,-15.7100,555.2599
2109.000000,-15.8587,551.3048
2110.000000,-15.0122,551.5923
2111.000000,-16.8161,553.7302
2112.000000,-15.8656,538.6119
2113.000000,-15.7480,551.8376
2114.000000,-15.8179,550.6278
2115.000000,-16.2541,550.9282
2116.000000,-16.7780,550.6347
2117.000000,-13.6932,563.2711
2118.000000,-17.0987,554.3899
2119.000000,-16.8182,549.7831
2120.000000,-16.4953,554.0171
2121.000000,-16.2296,548.4718
2122.000000,-16.1605,547.2805
2123.000000,-15.9358,546.8476
2124.000000,-15.8934,546.6970
2125.000000,-15.8275,546.0820
2126.000000,-15.7780,545.5468
2127.000000,-15.7936,545.5059
2128.000000,-15.7717,545.2589
2129.000000,-15.7119,544.8787
2130.000000,-15.7337,544.3900
2131.000000,-15.7493,544.0208
2132.000000,-15.7391,543.5667
2133.000000,-15.7188,543.0894
2134.000000,-15.7137,542.8855
2135.000000,-15.6974,542.6523
2136.000000,-15.6872,542.0692
2137.000000,-15.7473,541.3913
2138.000000,-15.6332,540.8216
2139.000000,-15.7273,540.2723
2140.000000,-15.7233,540.0110
2141.000000,-15.7854,539.2267
2142.000000,-15.7435,539.3386
2143.000000,-15.7974,538.9012
2144.000000,-15.8131,536.9101
2145.000000,-15.7328,537.3434
2146.000000,-15.7817,537.1467
2147.000000,-15.7103,537.0742
2148.000000,-15.7117,536.6749
2149.000000,-15.6766,533.7812
2150.000000,-15.6414,536.4379
2151.000000,-9.3978,389.2504
2152.000000,-15.6606,534.6055
2153.000000,-15.6675,533.1887
2154.000000,-15.7106,533.5242
2155.000000,-15.6110,533.2011
2156.000000,-15.6248,532.8154
2157.000000,-15.6744,532.6666
2158.000000,-14.4486,549.3709
2159.000000,-15.7089,532.2981
2160.000000,-15.6626,531.6308
2161.000000,-15.7005,531.1804
2162.000000,-15.6534,530.6379
2163.000000,-15.6754,530.5451
2164.000000,-15.6835,530.0898
2165.000000,-15.7015,529.2365
2166.000000,-4.5542,555.5907
2167.000000,-15.7297,528.7609
2168.000000,-15.6884,528.0478
2169.000000,-15.6758,528.2831
2170.000000,-15.6913,527.2090
2171.000000,-15.6704,526.4149
2172.000000,-15.6257,526.2157
2173.000000,-15.6283,526.2519
2174.000000,-16.0841,528.6282
2175.000000,-15.8131,528.1218
2176.000000,-15.6391,523.6099
2177.000000,-16.5370,524.4879
2178.000000,-15.0287,528.8413
2179.000000,-13.9273,513.1053
2180.000000,-15.4368,524.0669
2181.000000,-15.0471,525.0604
2182.000000,-15.6244,530.8340
2183.000000,-13.1891,521.3985
2184.000000,-15.9991,513.3413
2185.000000,-15.5560,524.6391
2186.000000,-15.3447,521.3767
2187.000000,-15.3880,523.8112
2188.000000,-15.4345,521.5297
2189.000000,-15.6695,520.7484
2190.000000,-20.9392,433.0734
2191.000000,-15.5906,519.9275
2192.000000,-15.6232,519.1123
2193.000000,-15.6401,518.6121
2194.000000,-15.6751,518.2903
2195.000000,-15.7310,517.6641
2196.000000,-15.7560,517.0326
2197.000000,-15.7395,516.4538
2198.000000,-13.7212,552.9863
2199.000000,-15.7648,515.5775
2200.000000,-15.4855,632.0145
